letter	value
A	8.123591836
B	2.840924099
C	8.045294723
D	3.61474201
E	5.967266941
F	9.350432996
G	4.19391604
H	2.424454838
I	6.170076991
J	5.99118278
K	1.185176717
L	7.649173306
M	8.670763757
N	6.445813571
O	4.961368734
P	0.298815858
Q	5.124098248
R	0.1342441
S	7.505864259
T	5.006654362
U	8.407828085
V	4.315402938
W	9.726323383
X	7.526274549
Y	4.396857609
Z	5.536717702
